{
	"name":"root",
	"x":0,
	"y":0,
	"priority":0,
	"sub":[{
		"name":"downButton",
		"x":670,
		"y":430,
		"priority":2,
		"sx":0,
		"sy":0,
		"sw":68,
		"sh":63,
		"class":"button",
		"onclick":"onDown",
		"default":"assets/down.png.imag",
		"xscale":1,
		"yscale":1,
		"rotation":0
	},
	{
		"name":"leftButton",
		"x":770,
		"y":430,
		"priority":2,
		"sx":0,
		"sy":0,
		"sw":58,
		"sh":56,
		"class":"button",
		"onclick":"onLeft",
		"default":"assets/left.png.imag",
		"xscale":1,
		"yscale":1,
		"rotation":0
	},
	{
		"name":"rightButton",
		"x":860,
		"y":430,
		"priority":2,
		"sx":0,
		"sy":0,
		"sw":63,
		"sh":56,
		"class":"button",
		"onclick":"onRight",
		"default":"assets/right.png.imag",
		"xscale":1,
		"yscale":1,
		"rotation":0
	}],
	"width":960,
	"height":640
}